Description,Valeur,Caractéristiques,Montage,Package,Empreinte,Fabricant,Référence,Ref Digikey,Lien Digikey USA,Lien Digikey FR,Lien Farnell,Lien Octopart,Datasheet, ,Octopart Add-In is ready
Résistance,1,1%,CMS,1206,CMS-1206,Stackpole Electronics,RMCF1206FT1R00,RMCF1206FT1R00DKR-ND,http://www.digikey.com/product-detail/en/0/RMCF1206FT1R00DKR-ND,http://www.digikey.fr/product-detail/fr/0/RMCF1206FT1R00DKR-ND,,https://octopart.com/rmcf1206ft1r00-stackpole+electronics-19215437,http://datasheet.octopart.com/RMCF1206FT1R00-Stackpole-Electronics-datasheet-12534581.pdf, ,
Résistance,22,1%,CMS,0402,CMS-0402,Yageo,RC0402FR-0722RL,311-22.0LRCT-ND,http://www.digikey.com/product-detail/en/0/311-22.0LRCT-ND,http://www.digikey.fr/product-detail/fr/0/311-22.0LRCT-ND,https://octopart-clicks.com/click/track?country=FR&ak=794f2984&sig=052a099&sid=819&ppid=40815132&vpid=141152476&ct=offers,https://octopart.com/rc0402fr-0722rl-yageo-40815132,http://datasheet.octopart.com/RC0402FR-0722RL-Yageo-datasheet-10408619.pdf, ,
Résistance,47,1%,CMS,0603,CMS-0603,Yageo,RC0603FR-0747RL,311-47.0HRDKR-ND,http://www.digikey.com/product-detail/en/0/311-47.0HRDKR-ND,http://www.digikey.fr/product-detail/fr/0/311-47.0HRDKR-ND,https://octopart-clicks.com/click/track?country=FR&ak=794f2984&sig=08111f2&sid=819&ppid=40952917&vpid=141152934&ct=offers,https://octopart.com/rc0603fr-0747rl-yageo-40952917,http://datasheet.octopart.com/RC0603FR-0747RL-Yageo-datasheet-8328172.pdf, ,
Résistance,100,1%,CMS,0402,CMS-0402,Yageo,RC0402FR-07100RL,311-100LRCT-ND,http://www.digikey.com/product-detail/en/0/311-100LRCT-ND,http://www.digikey.fr/product-detail/fr/0/311-100LRCT-ND,https://octopart-clicks.com/click/track?country=FR&ak=794f2984&sig=08963af&sid=819&ppid=40952494&vpid=141152384&ct=offers,https://octopart.com/rc0402fr-07100rl-yageo-40952494,http://datasheet.octopart.com/RC0402FR-07100RL-Yageo-datasheet-10408619.pdf, ,
Résistance,360,1%,CMS,0603,CMS-0603,Yageo,RC0603FR-07360RL,311-360HRCT-ND,http://www.digikey.com/product-detail/en/0/311-360HRCT-ND,http://www.digikey.fr/product-detail/fr/0/311-360HRCT-ND,,https://octopart.com/rc0603fr-07360rl-yageo-1223001,http://datasheet.octopart.com/RC0603FR-07360RL-Yageo-datasheet-8324193.pdf, ,
Résistance,470,1%,CMS,0402,CMS-0402,Yageo,RC0402FR-07470RL,311-470LRCT-ND,http://www.digikey.com/product-detail/en/0/311-470LRCT-ND,http://www.digikey.fr/product-detail/fr/0/311-470LRCT-ND,https://octopart-clicks.com/click/track?country=FR&ak=794f2984&sig=06f540b&sid=819&ppid=40952545&vpid=141152571&ct=offers,https://octopart.com/rc0402fr-07470rl-yageo-40952545,http://datasheet.octopart.com/RC0402FR-07470RL-Yageo-datasheet-10408619.pdf, ,
Résistance,680,1%,CMS,0402,CMS-0402,Yageo,RC0402FR-07680RL,311-680LRCT-ND,http://www.digikey.com/product-detail/en/0/311-680LRCT-ND,http://www.digikey.fr/product-detail/fr/0/311-680LRCT-ND,https://octopart-clicks.com/click/track?country=FR&ak=794f2984&sig=0ca6d77&sid=819&ppid=55508050&vpid=141152630&ct=offers,https://octopart.com/rc0402fr-07680rl-yageo-55508050,http://datasheet.octopart.com/RC0402FR-07680RL-Yageo-datasheet-10408619.pdf, ,
Résistance,750,1%,CMS,0402,CMS-0402,Yageo,RC0402FR-07750RL,311-750LRDKR-ND,http://www.digikey.com/product-detail/en/0/311-750LRDKR-ND,http://www.digikey.fr/product-detail/fr/0/311-750LRDKR-ND,https://octopart-clicks.com/click/track?country=FR&ak=794f2984&sig=0c36a80&sid=819&ppid=42338289&vpid=141152649&ct=offers,https://octopart.com/rc0402fr-07750rl-yageo-42338289,http://datasheet.octopart.com/RC0402FR-07750RL-Yageo-datasheet-10408619.pdf, ,
Résistance,820,1%,CMS,0402,CMS-0402,Yageo,RC0402FR-07820RL,311-820LRCT-ND,http://www.digikey.com/product-detail/en/0/311-820LRCT-ND,http://www.digikey.fr/product-detail/fr/0/311-820LRCT-ND,https://octopart-clicks.com/click/track?country=FR&ak=794f2984&sig=08e58e5&sid=819&ppid=42471377&vpid=141152661&ct=offers,https://octopart.com/rc0402fr-07820rl-yageo-42471377,http://datasheet.octopart.com/RC0402FR-07820RL-Yageo-datasheet-10408619.pdf, ,
Résistance,910,1%,CMS,0402,CMS-0402,Yageo,RC0402FR-07910RL,311-910LRDKR-ND,http://www.digikey.com/product-detail/en/0/311-910LRDKR-ND,http://www.digikey.fr/product-detail/fr/0/311-910LRDKR-ND,https://octopart-clicks.com/click/track?country=FR&ak=794f2984&sig=03a24a6&sid=819&ppid=39834747&vpid=141152675&ct=offers,https://octopart.com/rc0402fr-07910rl-yageo-39834747,http://datasheet.octopart.com/RC0402FR-07910RL-Yageo-datasheet-8324527.pdf, ,
Résistance,1k,1%,CMS,0402,CMS-0402,Yageo,RC0402FR-071KL,311-1.00KLRDKR-ND,http://www.digikey.com/product-detail/en/0/311-1.00KLRDKR-ND,http://www.digikey.fr/product-detail/fr/0/311-1.00KLRDKR-ND,https://octopart-clicks.com/click/track?country=FR&ak=794f2984&sig=0ab182c&sid=819&ppid=55402862&vpid=141152439&ct=offers,https://octopart.com/rc0402fr-071kl-yageo-55402862,http://datasheet.octopart.com/RC0402FR-071KL-Yageo-datasheet-10408619.pdf, ,
Résistance,1.5k,1%,CMS,0402,CMS-0402,Yageo,RC0402FR-071K5L,311-1.50KLRCT-ND,http://www.digikey.com/product-detail/en/0/311-1.50KLRCT-ND,http://www.digikey.fr/product-detail/fr/0/311-1.50KLRCT-ND,https://octopart-clicks.com/click/track?country=FR&ak=794f2984&sig=09671dd&sid=819&ppid=1169741&vpid=141150775&ct=offers,https://octopart.com/rc0402fr-071k5l-yageo-1169741,http://datasheet.octopart.com/RC0402FR-071K5L-Yageo-datasheet-10408619.pdf, ,
Résistance,4.7k,1%,CMS,0402,CMS-0402,Yageo,RC0402FR-074K7L,311-4.7KLRDKR-ND,http://www.digikey.com/product-detail/en/0/311-4.7KLRDKR-ND,http://www.digikey.fr/product-detail/fr/0/311-4.7KLRDKR-ND,https://octopart-clicks.com/click/track?country=FR&ak=794f2984&sig=09a5580&sid=819&ppid=42471327&vpid=141152582&ct=offers,https://octopart.com/rc0402fr-074k7l-yageo-42471327,http://datasheet.octopart.com/RC0402FR-074K7L-Yageo-datasheet-10408619.pdf, ,
Résistance,10k,1%,CMS,0402,CMS-0402,Yageo,RC0402FR-0710KL,311-10.0KLRDKR-ND,http://www.digikey.com/product-detail/en/0/311-10.0KLRDKR-ND,http://www.digikey.fr/product-detail/fr/0/311-10.0KLRDKR-ND,https://octopart-clicks.com/click/track?country=FR&ak=794f2984&sig=0612f01&sid=819&ppid=55458461&vpid=141152387&ct=offers,https://octopart.com/rc0402fr-0710kl-yageo-55458461,http://datasheet.octopart.com/RC0402FR-0710KL-Yageo-datasheet-10408619.pdf, ,
Résistance,15k,1%,CMS,0402,CMS-0402,Yageo,RC0402FR-0715KL,311-15.0KLRCT-ND,http://www.digikey.com/product-detail/en/0/311-15.0KLRCT-ND,http://www.digikey.fr/product-detail/fr/0/311-15.0KLRCT-ND,https://octopart-clicks.com/click/track?country=FR&ak=794f2984&sig=0fa81da&sid=819&ppid=1254333&vpid=141150770&ct=offers,https://octopart.com/rc0402fr-0715kl-yageo-1254333,http://datasheet.octopart.com/RC0402FR-0715KL-Yageo-datasheet-10408619.pdf, ,
Résistance,47k,1%,CMS,0402,CMS-0402,Yageo,RC0402FR-0747KL,311-47.0KLRDKR-ND,http://www.digikey.com/product-detail/en/0/311-47.0KLRDKR-ND,http://www.digikey.fr/product-detail/fr/0/311-47.0KLRDKR-ND,https://octopart-clicks.com/click/track?country=FR&ak=794f2984&sig=0208dee&sid=819&ppid=40301050&vpid=141152574&ct=offers,https://octopart.com/rc0402fr-0747kl-yageo-40301050,http://datasheet.octopart.com/RC0402FR-0747KL-Yageo-datasheet-10408619.pdf, ,
Condensateur,24pF,"1%, 250V",CMS,0603,CMS-0603,Kemet,CBR06C240FAGAC,399-8798-1-ND,http://www.digikey.com/product-detail/en/0/399-8798-1-ND,http://www.digikey.fr/product-detail/fr/0/399-8798-1-ND,,https://octopart.com/cbr06c240fagac-kemet-23843262,http://capacitoredge.kemet.com/capedge2/DataSheet?pn=CBR06C240FAGAC, ,
Condensateur,100nF,"10%, 6.3V",CMS,0201,CMS-0201,Samsung Electro-Mechanics,CL03A104KQ3NNNC,1276-1013-1-ND,http://www.digikey.com/product-detail/en/0/1276-1013-1-ND,http://www.digikey.fr/product-detail/fr/0/1276-1013-1-ND,,https://octopart.com/cl03a104kq3nnnc-samsung-11542222,http://datasheet.octopart.com/CL03A104KQ3NNNC-Samsung-Electro-Mechanics-datasheet-11541288.pdf, ,
Condensateur,100nF,"10%, 6.3V",CMS,0402,CMS-0402,Samsung Electro-Mechanics,CL05A104KQ5NNNC,1276-1442-1-ND,http://www.digikey.com/product-detail/en/0/1276-1442-1-ND,http://www.digikey.fr/product-detail/fr/0/1276-1442-1-ND,,https://octopart.com/cl05a104kq5nnnc-samsung-19830975,http://datasheet.octopart.com/CL05A104KQ5NNNC-Samsung-Electro-Mechanics-datasheet-11541288.pdf, ,
Condensateur,1uF,"10%, 6.3V",CMS,0402,CMS-0402,TDK Corporation,C1005X5R0J105K050BB,445-4998-6-ND,http://www.digikey.com/product-detail/en/0/445-4998-6-ND,http://www.digikey.fr/product-detail/fr/0/445-4998-6-ND,https://octopart-clicks.com/click/track?country=FR&ak=794f2984&sig=06d0352&sid=819&ppid=25947523&vpid=141029122&ct=offers,https://octopart.com/c1005x5r0j105k050bb-tdk-25947523,http://datasheet.octopart.com/C1005X5R0J105K050BB-TDK-datasheet-10978788.pdf, ,
Condensateur,2.2uF,"10%, 6.3V",CMS,0603,CMS-0603,Taiyo Yuden,JMK107BJ225KAHT,587-3386-6-ND,http://www.digikey.com/product-detail/en/0/587-3386-6-ND,http://www.digikey.fr/product-detail/fr/0/587-3386-6-ND,,https://octopart.com/jmk107bj225kaht-taiyo+yuden-29103070,http://datasheet.octopart.com/JMK107BJ225KAHT-Taiyo-Yuden-datasheet-17273239.pdf, ,
Condensateur,10uF,"10%, 6.3V",CMS,0805,CMS-0805,Yageo,CC0805KKX5R5BB106,311-1459-6-ND,http://www.digikey.com/product-detail/en/0/311-1459-6-ND,http://www.digikey.fr/product-detail/fr/0/311-1459-6-ND,https://octopart-clicks.com/click/track?country=FR&ak=794f2984&sig=053822e&sid=819&ppid=8376547&vpid=141150680&ct=offers,https://octopart.com/cc0805kkx5r5bb106-yageo-8376547,http://datasheet.octopart.com/CC0805KKX5R5BB106-Yageo-datasheet-10911834.pdf, ,
Condensateur,22uF,"20%, 6.3V",CMS,0805,CMS-0805,Yageo,CC0805MKX5R5BB226,311-1464-6-ND,http://www.digikey.com/product-detail/en/0/311-1464-6-ND,http://www.digikey.fr/product-detail/fr/0/311-1464-6-ND,https://octopart-clicks.com/click/track?country=FR&ak=794f2984&sig=0395029&sid=819&ppid=11543725&vpid=141150713&ct=offers,https://octopart.com/cc0805mkx5r5bb226-yageo-11543725,http://datasheet.octopart.com/CC0805MKX5R5BB226-Yageo-datasheet-8324442.pdf, ,
Condensateur,100uF,"10%, 6.3V, Tantale",CMS,2413,T491-C,Kemet,T491C107K006AT,399-8337-1-ND,http://www.digikey.com/product-detail/en/0/399-8337-1-ND,http://www.digikey.fr/product-detail/fr/0/399-8337-1-ND,https://octopart-clicks.com/click/track?country=FR&ak=794f2984&sig=0c371cb&sid=819&ppid=138563&vpid=140583537&ct=offers,https://octopart.com/t491c107k006at-kemet-138563,http://datasheet.octopart.com/T491C107K006AT-Kemet-datasheet-10674785.pdf, ,
Condensateur,10uF,"10%, 20V, Tantale",CMS,1411,T491-B,Kemet,T491B106K020AT,399-8298-6-ND,http://www.digikey.com/product-detail/en/0/399-8298-6-ND,http://www.digikey.fr/product-detail/fr/0/399-8298-6-ND,https://octopart-clicks.com/click/track?country=FR&ak=794f2984&sig=07c4862&sid=819&ppid=109438&vpid=140583158&ct=offers,https://octopart.com/t491b106k020at-kemet-109438,http://datasheet.octopart.com/T491B106K020AT..-Kemet-datasheet-32543724.pdf, ,
Bobine de ferrite,1 kOhms à 100MHz,,CMS,0603,CMS-0603,TDK Corporation,MPZ1608S102ATA00,445-8694-1-ND,http://www.digikey.com/product-detail/en/0/445-8694-1-ND,http://www.digikey.fr/product-detail/fr/0/445-8694-1-ND,,https://octopart.com/mpz1608s102ata00-tdk-51459077,http://product.tdk.com/en/catalog/datasheets/beads_commercial_power_mpz_en.pdf, ,
LED,Vert, 4.5mcd 120° 1.8V 2mA Transp,CMS,2-CMS,LED--TOPLED--2CMS,OSRAM Opto Semiconductors,LG M67K-G1J2-24-Z,475-1406-6-ND,http://www.digikey.com/product-detail/en/0/475-1406-6-ND,http://www.digikey.fr/product-detail/fr/0/475-1406-6-ND,,https://octopart.com/q65110a2395-osram+opto-31091237,http://datasheet.octopart.com/Q65110A2395-Osram-datasheet-13701794.pdf, ,
LED,Orange,15.7mcd 120° 1.8V 2mA Transp,CMS,2-CMS,LED--TOPLED--2CMS,OSRAM Opto Semiconductors,LO M67K-K2M1-24-Z,475-2689-6-ND,http://www.digikey.com/product-detail/en/0/475-2689-6-ND,http://www.digikey.fr/product-detail/fr/0/475-2689-6-ND,,https://octopart.com/q65110a2054-osram+opto-31091120,http://datasheet.octopart.com/Q65110A2054-Osram-datasheet-13700892.pdf, ,
LED,Rouge,8.78mcd 120° 1.8V 2mA Transp,CMS,2-CMS,LED--TOPLED--2CMS,OSRAM Opto Semiconductors,LS M67K-H2L1-1-Z,475-2510-1-ND,http://www.digikey.com/product-detail/en/0/475-2510-1-ND,http://www.digikey.fr/product-detail/fr/0/475-2510-1-ND,,https://octopart.com/q65110a2028-osram+opto-31091115,http://datasheet.octopart.com/Q65110A2028-Osram-datasheet-13700892.pdf, ,
LED,Jaune, 11.25mcd 120° 1.8V 2mA Transp,CMS,2-CMS,LED--TOPLED--2CMS,OSRAM Opto Semiconductors,LY M67K-J1L2-26-Z,475-2555-6-ND,http://www.digikey.com/product-detail/en/0/475-2555-6-ND,http://www.digikey.fr/product-detail/fr/0/475-2555-6-ND,,https://octopart.com/q65110a2076-osram+opto-31091131,"http://media.digikey.com/pdf/Data%20Sheets/Osram%20PDFs/LS,LO,LY_M67K.pdf", ,
LED,Vert, 7065mcd 70° 3.4V 20mA Diffus,Traversant,5 mm Ovale,,Cree,C566C-GFS-CV0Z0792,C566C-GFS-CV0Z0792CT-ND,http://www.digikey.com/product-detail/en/0/C566C-GFS-CV0Z0792CT-ND,http://www.digikey.fr/product-detail/fr/0/C566C-GFS-CV0Z0792CT-ND,https://octopart-clicks.com/click/track?country=FR&ak=794f2984&sig=0e7cdb3&sid=819&ppid=11758442&vpid=140226138&ct=offers,https://octopart.com/c566c-gfs-cv0z0792-cree-11758442,http://datasheet.octopart.com/C566C-GFS-CV0Z0792-Cree-datasheet-8477937.pdf, ,
LED,Bleu,1500mcd 60° 3.5V 20mA Diffus,Traversant,Rond 4.80 mm,,Visual Communications Company,VAOL-5LSBY2,VAOL-5LSBY2-ND,http://www.digikey.com/product-detail/en/0/VAOL-5LSBY2-ND,http://www.digikey.fr/product-detail/fr/0/VAOL-5LSBY2-ND,,https://octopart.com/vaol-5lsby2-visual+communications-19950451,http://datasheet.octopart.com/VAOL-5LSBY2-VCC-datasheet-9629612.pdf, ,
LED,Rouge ,1600mcd 60° 2.2V 20mA Diffus,Traversant,Rond 5 mm,,Kingbright,WP7083SED/J3,754-1888-ND,http://www.digikey.com/product-detail/en/0/754-1888-ND,http://www.digikey.fr/product-detail/fr/0/754-1888-ND,,https://octopart.com/wp7083sed%2Fj3-kingbright-22360084,http://datasheet.octopart.com/WP7083SED/J3-Kingbright-datasheet-12549588.pdf, ,
LED,Blanc, 680mcd 34° 3.6V 20mA Diffus,Traversant,Rond 5 mm,,Lumex,SSL-LX5093UWW,67-1696-ND,http://www.digikey.com/product-detail/en/0/67-1696-ND,http://www.digikey.fr/product-detail/fr/0/67-1696-ND,https://octopart-clicks.com/click/track?country=FR&ak=794f2984&sig=0750436&sid=819&ppid=551128&vpid=140626890&ct=offers,https://octopart.com/ssl-lx5093uww-lumex-551128,http://datasheet.octopart.com/SSL-LX5093UWW-Lumex-datasheet-64788.pdf, ,
Potentiomètre,10k," ±20%, Linéaire, 300°, 1 tour",Panneau,8.80 mm / 16.00 mm,,Vishay Sfernice,P16NP103MAB15,P16NP-10K-ND,http://www.digikey.com/product-detail/en/0/P16NP-10K-ND,http://www.digikey.fr/product-detail/fr/0/P16NP-10K-ND,https://octopart-clicks.com/click/track?country=FR&ak=794f2984&sig=06c098d&sid=819&ppid=41926585&vpid=163093508&ct=offers,https://octopart.com/p16np103mab15-vishay-41926585,http://datasheet.octopart.com/P16NP103MAB15-Vishay-datasheet-8359735.pdf, ,
Potentiomètre,1k,"±10%, Linéaire, 300°, 1 tour",Traversant / Panneau,6.35 mm / 22.23 mm,,Bourns,91A1A-B28-A10L,91A1A-B28-A10L-ND,http://www.digikey.com/product-detail/en/0/91A1A-B28-A10L-ND,http://www.digikey.fr/product-detail/fr/0/91A1A-B28-A10L-ND,https://octopart-clicks.com/click/track?country=FR&ak=794f2984&sig=0b80d4d&sid=819&ppid=1815999&vpid=140136044&ct=offers,https://octopart.com/91a1a-b28-a10l-bourns-1815999,http://datasheet.octopart.com/91A1A-B28-A10L-Bourns-datasheet-16972383.pdf, ,
Bouton potentiomètre,6.35 mm,Ligne sur le côté et collerette,,,,Apem,MPKES90B14,679-3545-ND,http://www.digikey.com/product-detail/en/0/679-3545-ND,http://www.digikey.fr/product-detail/fr/0/679-3545-ND,,https://octopart.com/mpkes90b14-apem-11795167,http://datasheet.octopart.com/MPKES90B14-APEM-datasheet-33939.pdf, ,
Stm F429,180 MHz,"1 Mo FLASH, 256 ko RAM",CMS,LQFP176,STM32F429IGT6--LQFP176,STMicroelectronics,STM32F429IGT6,STM32F429IGT6-ND,http://www.digikey.com/product-detail/en/0/STM32F429IGT6-ND,http://www.digikey.fr/product-detail/fr/0/STM32F429IGT6-ND,https://octopart-clicks.com/click/track?country=FR&ak=794f2984&sig=06ec29a&sid=819&ppid=30038942&vpid=141023980&ct=offers,https://octopart.com/stm32f429igt6-stmicroelectronics-30038942,http://datasheet.octopart.com/STM32F429IGT6-STMicroelectronics-datasheet-16349496.pdf, ,
Sink driver,16 sorties,"30MHz, 3.3V-5V, 100mA",CMS,24-TSSOP,TSSOP24,STMicroelectronics,STP16CPS05TTR,497-6120-1-ND,http://www.digikey.com/product-detail/en/0/497-6120-1-ND,http://www.digikey.fr/product-detail/fr/0/497-6120-1-ND,,https://octopart.com/stp16cps05ttr-stmicroelectronics-2221565,http://datasheet.octopart.com/STP16CPS05TTR-STMicroelectronics-datasheet-10488437.pdf, ,
SDRAM,64 Mbits,143MHz,CMS,54-TSOP II,TSOPII-54,Alliance Memory,AS4C4M16SA-7TCN,1450-1262-ND,http://www.digikey.com/product-detail/en/0/1450-1262-ND,http://www.digikey.fr/product-detail/fr/0/1450-1262-ND,,https://octopart.com/as4c4m16sa-7tcn-alliance+memory-56801154,http://datasheet.octopart.com/AS4C4M16SA-7TCN-Alliance-Memory-datasheet-38537253.pdf, ,
SDRAM,128 Mbits,143MHz,CMS,54-TSOP II,,Alliance Memory,AS4C8M16SA-7TCN,1450-1269-ND,http://www.digikey.com/product-detail/en/0/1450-1269-ND,http://www.digikey.fr/product-detail/fr/0/1450-1269-ND,,https://octopart.com/as4c8m16sa-7tcn-alliance+memory-56801157,http://datasheet.octopart.com/AS4C8M16SA-7TCN-Alliance-Memory-datasheet-38537254.pdf, ,
FTDI 221,,SPI,CMS,20-SSOP,,FTDI,FT221XS-R,768-1125-1-ND,http://www.digikey.com/product-detail/en/0/768-1125-1-ND,http://www.digikey.fr/product-detail/fr/0/768-1125-1-ND,,https://octopart.com/ft221xs-r-ftdi-22099443,http://datasheet.octopart.com/FT221XS-R-FTDI-datasheet-11026518.pdf, ,
LDO,3.3V 3A,16 V max Vin,CMS,TO-263-3,,Micrel,MIC29310-3.3WU,576-2229-ND,http://www.digikey.com/product-detail/en/0/576-2229-ND,http://www.digikey.fr/product-detail/fr/0/576-2229-ND,https://octopart-clicks.com/click/track?country=FR&ak=794f2984&sig=0e3f0c0&sid=819&ppid=536317&vpid=140639578&ct=offers,https://octopart.com/mic29310-3.3wu-micrel-536317,http://datasheet.octopart.com/MIC29310-3.3WU-Micrel-datasheet-109478.pdf, ,
LDO,3.3V 1A,20 V max Vin,CMS,TO-252-3,LDO3_3--NCP1117DT33G,ON Semiconductor,NCP1117DT33G,NCP1117DT33GOS-ND,http://www.digikey.com/product-detail/en/0/NCP1117DT33GOS-ND,http://www.digikey.fr/product-detail/fr/0/NCP1117DT33GOS-ND,https://octopart-clicks.com/click/track?country=FR&ak=794f2984&sig=049fad8&sid=819&ppid=1381653&vpid=140803929&ct=offers,https://octopart.com/ncp1117dt33g-on+semiconductor-1381653,http://datasheet.octopart.com/NCP1117DT33G-ON-Semiconductor-datasheet-11536806.pdf, ,
LDO,3.3V 5A,27 V max Vin,CMS,TO-263-3,,Texas Instruments,LM1084ISX-3.3/NOPB,296-35390-6-ND,http://www.digikey.com/product-detail/en/0/296-35390-6-ND,http://www.digikey.fr/product-detail/fr/0/296-35390-6-ND,,https://octopart.com/lm1084isx-3.3%2Fnopb-texas+instruments-24812384,https://octopart-clicks.com/click/track?country=FR&ak=794f2984&ct=datasheets&sig=0f8b149&at=physicalpart&sid=370&ppid=24812384&hlid=21223885, ,
LDO,5V 5A,25 V max Vin,CMS,TO-263-3,LDO--TI--LM1084ISX-5.0,Texas Instruments,LM1084ISX-5.0/NOPB,LM1084ISX-5.0/NOPBDKR-ND,http://www.digikey.com/product-detail/en/0/LM1084ISX-5.0/NOPBDKR-ND,http://www.digikey.fr/product-detail/fr/0/LM1084ISX-5.0/NOPBDKR-ND,https://octopart-clicks.com/click/track?country=FR&ak=794f2984&sig=0f4b46b&sid=819&ppid=24154046&vpid=168098598&ct=offers,https://octopart.com/lm1084isx-5.0%2Fnopb-texas+instruments-24154046,https://octopart-clicks.com/click/track?country=FR&ak=794f2984&ct=datasheets&sig=05bdcf4&at=physicalpart&sid=370&ppid=24154046&hlid=21223886, ,
PNP,50V 4A,400 MHz,CMS,TO-243AA,PNP--ON--2SA2013,ON Semiconductor,2SA2013-TD-E,2SA2013-TD-EOSCT-ND,http://www.digikey.com/product-detail/en/0/2SA2013-TD-EOSCT-ND,http://www.digikey.fr/product-detail/fr/0/2SA2013-TD-EOSCT-ND,,https://octopart.com/2sa2013-td-e-on+semiconductor-20815366,http://datasheet.octopart.com/2SA2013-TD-E-ON-Semiconductor-datasheet-15673542.pdf, ,
Quartz,8 Mhz,"10 ppm, 18pF, 80 ohm",CMS,HC49/US,TXC--9C-8.000MEEJ-T,TXC CORPORATION,9C-8.000MEEJ-T,887-1263-6-ND,http://www.digikey.com/product-detail/en/0/887-1263-6-ND,http://www.digikey.fr/product-detail/fr/0/887-1263-6-ND,https://octopart-clicks.com/click/track?country=FR&ak=794f2984&sig=044cf45&sid=819&ppid=18803089&vpid=141091815&ct=offers,https://octopart.com/9c-8.000meej-t-txc-18803089,http://datasheet.octopart.com/9C-8.000MEEJ-T-TXC-datasheet-21225313.pdf, ,
Quartz,24 Mhz,"50 ppm, 18pF, 40 ohm",CMS,HC49/US,,Abracon LLC,ABLS-24.000MHZ-B4-T,535-10233-6-ND,http://www.digikey.com/product-detail/en/0/535-10233-6-ND,http://www.digikey.fr/product-detail/fr/0/535-10233-6-ND,https://octopart-clicks.com/click/track?country=FR&ak=794f2984&sig=0489e2a&sid=819&ppid=18618638&vpid=184134630&ct=offers,https://octopart.com/abls-24.000mhz-b4-t-abracon-18618638,http://datasheet.octopart.com/ABLS-24.000MHZ-B4-T-Abracon-datasheet-37142362.pdf, ,
USB B Embase,,,CMS,,USB_B--CMS,Harwin,M701-370442,952-1768-ND,http://www.digikey.com/product-detail/en/0/952-1768-ND,http://www.digikey.fr/product-detail/fr/0/952-1768-ND,,https://octopart.com/m701-370442-harwin-766569,http://datasheet.octopart.com/M701-370442-Harwin-datasheet-154154.pdf, ,
USB B Embase,,,Panneau,,,Amphenol Commercial Products,MUSBD111M0-ND,MUSBD111M0-ND,http://www.digikey.com/product-detail/en/0/MUSBD111M0-ND,http://www.digikey.fr/product-detail/fr/0/MUSBD111M0-ND,,https://octopart.com/musbd111m0-amphenol-20175109,http://datasheet.octopart.com/MUSBD111M0-Amphenol-datasheet-33000544.pdf, ,
SD Embase,,"CD, WP",CMS,,SD-101-00313-68-02,Amphenol Commercial Products,101-00313-68-02,101-00313-68-02CT-ND,http://www.digikey.com/product-detail/en/0/101-00313-68-02CT-ND,http://www.digikey.fr/product-detail/fr/0/101-00313-68-02CT-ND,,https://octopart.com/101003136802-amphenol-23787482,http://datasheet.octopart.com/101003136802-Amphenol-datasheet-13035462.pdf, ,
Embase alim,16 V 5 A,"2.1 mm DI, 5.5 mm DE",Traversant,,,CUI,PJ-050AH,CP-050AH-ND,http://www.digikey.com/product-detail/en/0/CP-050AH-ND,http://www.digikey.fr/product-detail/fr/0/CP-050AH-ND,,https://octopart.com/pj-050ah-cui-19052790,http://datasheet.octopart.com/PJ-050AH-CUI-datasheet-15696426.pdf, ,
Embase alim,24 V 5 A,"2.1 mm DI, 5.5 mm DE",CMS,,,CUI,PJ-002AH-SMT-TR,CP-002AHPJCT-ND,http://www.digikey.com/product-detail/en/0/CP-002AHPJCT-ND,http://www.digikey.fr/product-detail/fr/0/CP-002AHPJCT-ND,,https://octopart.com/pj-002ah-smt-tr-cui-25947149,http://datasheet.octopart.com/PJ-002AH-SMT-TR-CUI-datasheet-13305318.pdf, ,
Câble monobrin,30.5 m,22 AWG - Noir,,,,General Cable/Carol Brand,C2004A.12.01,C2004B-100-ND,http://www.digikey.com/product-detail/en/0/C2004B-100-ND,http://www.digikey.fr/product-detail/fr/0/C2004B-100-ND,,https://octopart.com/c2004a.12.01-general+cable+%2F+carol-38949980,http://datasheet.octopart.com/C2004A.12.01-General-Cable-datasheet-17724833.pdf, ,
Câble monobrin,30.5 m,22 AWG - Rouge,,,,General Cable/Carol Brand,C2004A.12.03,C2004R-100-ND,http://www.digikey.com/product-detail/en/0/C2004R-100-ND,http://www.digikey.fr/product-detail/fr/0/C2004R-100-ND,,https://octopart.com/c2004a.12.03-general+cable+%2F+carol-38993508,http://datasheet.octopart.com/C2004A.12.03-General-Cable-datasheet-17724833.pdf, ,
Embase,2 pos - 3.96 mm,,Trou CMS,,,TE Connectivity AMP Connectors,2154829-1,A107463CT-ND,http://www.digikey.com/product-detail/en/0/A107463CT-ND,http://www.digikey.fr/product-detail/fr/0/A107463CT-ND,https://octopart-clicks.com/click/track?country=FR&ak=794f2984&sig=03c1a9a&sid=819&ppid=45707206&vpid=141048872&ct=offers,https://octopart.com/2154829-1-te+connectivity+%2F+amp-45707206,http://datasheet.octopart.com/2154829-1-TE-Connectivity---AMP-datasheet-14524661.pdf, ,
Nappe,2 pos,Header - fils nus 18 AWG,,,,TE Connectivity AMP Connectors,2154828-1,A107460-ND,http://www.digikey.com/product-detail/en/0/A107460-ND,http://www.digikey.fr/product-detail/fr/0/A107460-ND,https://octopart-clicks.com/click/track?country=FR&ak=794f2984&sig=081c1ed&sid=819&ppid=46069587&vpid=141048866&ct=offers,https://octopart.com/2154828-1-te+connectivity+%2F+amp-46069587,http://datasheet.octopart.com/2154828-1-TE-Connectivity---AMP-datasheet-21218450.pdf, ,
Bornier,2 pos,10 A,CMS + Vis,,Bornier2--Phoenix--1727230,Phoenix Contact,1727230,277-6155-ND,http://www.digikey.com/product-detail/en/0/277-6155-ND,http://www.digikey.fr/product-detail/fr/0/277-6155-ND,,https://octopart.com/1727230-phoenix+contact-856262,http://datasheet.octopart.com/1727230-Phoenix-Contact-datasheet-33457431.pdf, ,
Bornier,2 pos,10 A,CMS,,,Wurth Electronics,691508110302,732-5963-1-ND,http://www.digikey.com/product-detail/en/0/732-5963-1-ND,http://www.digikey.fr/product-detail/fr/0/732-5963-1-ND,,https://octopart.com/691508110302-w%C3%BCrth+elektronik-52645170,http://katalog.we-online.de/em/datasheet/6915081103xx.pdf, ,
Bornier,2 pos,10 A,Traversant,,,On Shore Technology,OSTTE020104,ED2740-ND,http://www.digikey.com/product-detail/en/0/ED2740-ND,http://www.digikey.fr/product-detail/fr/0/ED2740-ND,,https://octopart.com/ostte020104-on+shore+technology-19235695,http://datasheet.octopart.com/OSTTE020104-On-Shore-Technology-datasheet-17019721.pdf, ,
Bornier,2 pos,"15 A, pins doubles",Traversant,,,On Shore Technology,ED120/2DS,ED1609-ND,http://www.digikey.com/product-detail/en/0/ED1609-ND,http://www.digikey.fr/product-detail/fr/0/ED1609-ND,,https://octopart.com/ed120%2F2ds-on+shore+technology-309334,http://datasheet.octopart.com/ED120/2DS-On-Shore-Technology-datasheet-13416.pdf, ,
Embase FFC,6 pos - 1 mm,"Etain, glissière, dessus",CMS,,FFC_6_Molex_0522070633,Molex,522070633,WM10938DKR-ND,http://www.digikey.com/product-detail/en/0/WM10938DKR-ND,http://www.digikey.fr/product-detail/fr/0/WM10938DKR-ND,https://octopart-clicks.com/click/track?country=FR&ak=794f2984&sig=0bc0540&sid=819&ppid=30988316&vpid=140665221&ct=offers,https://octopart.com/52207-0633-molex-30988316,http://sigma.octopart.com/16997915/technical_drawing/Molex-522070633.pdf, ,
Embase FFC,6 pos - 1 mm,"Etain, bascule, dessous",CMS,,FFC_6--Wurth--686106148922,Wurth Electronics,686106148922,732-6017-6-ND,http://www.digikey.com/product-detail/en/0/732-6017-6-ND,http://www.digikey.fr/product-detail/fr/0/732-6017-6-ND,https://octopart-clicks.com/click/track?country=FR&ak=794f2984&sig=07f6539&sid=819&ppid=52645134&vpid=194567251&ct=offers,https://octopart.com/686106148922-w%C3%BCrth+elektronik-52645134,http://datasheet.octopart.com/686106148922-W%C3%BCrth-Elektronik-datasheet-38737326.pdf, ,
Nappe FFC,6 pos - 1 mm,Etain - 101.6 mm,,,,Molex,0152670207,WM10538-ND,http://www.digikey.com/product-detail/en/0/WM10538-ND,http://www.digikey.fr/product-detail/fr/0/WM10538-ND,,https://octopart.com/0152670207-molex-19967351,http://www.molex.com/pdm_docs/sd/152670201_sd.pdf, ,
Embase Rect,10 pos - 1.27 mm,"Or, polarité",CMS,,Rect_10_1_27--CNC--3221-10-0300-00,CNC Tech,3221-10-0300-00,1175-1735-ND,http://www.digikey.com/product-detail/en/0/1175-1735-ND,http://www.digikey.fr/product-detail/fr/0/1175-1735-ND,,https://octopart.com/3221-10-0300-00-cnc+tech-47114351,http://cnctech.us/pdfs/3221-XX-0300-00.pdf, ,
Header Rect,10 pos - 1.27 mm,"Or, polarité",,,,CNC Tech,3230-10-0103-00,1175-1646-ND,http://www.digikey.com/product-detail/en/0/1175-1646-ND,http://www.digikey.fr/product-detail/fr/0/1175-1646-ND,,https://octopart.com/3230-10-0103-00-cnc+tech-26714254,http://cnctech.us/pdfs/3230-XX-0103-00.pdf, ,
Nappe Rect,10 pos - 0.64 mm,"30 AWG, gris, 30.5 m",,,,3M,3756/10 100,ME10G-100-ND,http://www.digikey.com/product-detail/en/0/ME10G-100-ND,http://www.digikey.fr/product-detail/fr/0/ME10G-100-ND,,https://octopart.com/3756%2F10-100-3m-47202037,http://multimedia.3m.com/mws/media/22312O/3mtm-round-conductor-flat-cable-3756-series-ts0508.pdf, ,
Embase Rect,10 pos - 2.54 mm,"Or, polarité",CMS,,Rect_10_2_54--CNC--3020-10-0300-00,CNC Tech,3020-10-0300-00,1175-1621-ND,http://www.digikey.com/product-detail/en/0/1175-1621-ND,http://www.digikey.fr/product-detail/fr/0/1175-1621-ND,,https://octopart.com/3020-10-0300-00-cnc+tech-23165638,http://cnctech.us/pdfs/3020-XX-0300-00.pdf, ,
Header Rect,10 pos - 2.54 mm,"Or, polarité",,,,CNC Tech,3030-10-0102-00,1175-1435-ND,http://www.digikey.com/product-detail/en/0/1175-1435-ND,http://www.digikey.fr/product-detail/fr/0/1175-1435-ND,,https://octopart.com/3030-10-0102-00-cnc+tech-26009507,http://www.cnctech.us/pdfs/3030-XX-0102-00.pdf, ,
Nappe Rect,10 pos - 1.27 mm,"26 AWG, multicolore, 1.52 m",,,,3M,3811/10 300,MC010M-5-ND,http://www.digikey.com/product-detail/en/0/MC010M-5-ND,http://www.digikey.fr/product-detail/fr/0/MC010M-5-ND,,https://octopart.com/3811%2F10+300-3m-8996553,http://multimedia.3m.com/mws/media/22071O/3mtm-color-coded-flat-cbl-05026-awg-stranded-pvc-3811-ts0122.pdf, ,
Embase FFC,14 pos - 1 mm,"Etain, bascule, dessous",CMS,,FFC_14--Wurth--686114148922,Wurth Electronics,686114148922,732-6021-6-ND,http://www.digikey.com/product-detail/en/0/732-6021-6-ND,http://www.digikey.fr/product-detail/fr/0/732-6021-6-ND,https://octopart-clicks.com/click/track?country=FR&ak=794f2984&sig=0b7802b&sid=819&ppid=52645138&vpid=194567255&ct=offers,https://octopart.com/686114148922-w%C3%BCrth+elektronik-52645138,http://datasheet.octopart.com/686114148922-W%C3%BCrth-Elektronik-datasheet-38737326.pdf, ,
Nappe FFC,14 pos - 1 mm,Etain - 101.6 mm,,,,Molex,0152670295,WM10547-ND,http://www.digikey.com/product-detail/en/0/WM10547-ND,http://www.digikey.fr/product-detail/fr/0/WM10547-ND,,https://octopart.com/0152670295-molex-19967439,http://www.molex.com/pdm_docs/sd/152670201_sd.pdf, ,
Embase Rect,20 pos - 2.54 mm,"Or, polarité",CMS,,Rect_20--CNC--3020-20-0300-00,CNC Tech,3020-20-0300-00,1175-1623-ND,http://www.digikey.com/product-detail/en/0/1175-1623-ND,http://www.digikey.fr/product-detail/fr/0/1175-1623-ND,,https://octopart.com/3020-20-0300-00-cnc+tech-23165653,http://cnctech.us/pdfs/3020-XX-0300-00.pdf, ,
Embase FFC,40 pos - 0.5 mm,"Etain, bascule, dessous",CMS,,FFC_40_Wurth_687140149022,Wurth Electronics,687140149022,732-6012-1-ND,http://www.digikey.com/product-detail/en/0/732-6012-1-ND,http://www.digikey.fr/product-detail/fr/0/732-6012-1-ND,https://octopart-clicks.com/click/track?country=FR&ak=794f2984&sig=0ebcfe7&sid=819&ppid=52645166&vpid=194567283&ct=offers,https://octopart.com/687140149022-w%C3%BCrth+elektronik-52645166,http://datasheet.octopart.com/687140149022-W%C3%BCrth-Elektronik-datasheet-38737332.pdf, ,
Embase Rect,40 pos - 1.27 mm,"Or, polarité",CMS,,Rect_40_CNC_3221-40-0300-00,CNC Tech,3221-40-0300-00,1175-1750-ND,http://www.digikey.com/product-detail/en/0/1175-1750-ND,http://www.digikey.fr/product-detail/fr/0/1175-1750-ND,,https://octopart.com/3221-40-0300-00-cnc+tech-47114369,http://cnctech.us/pdfs/3221-XX-0300-00.pdf, ,
Header Rect,40 pos - 1.27 mm,"Or, polarité",,,,CNC Tech,3230-40-0103-00,1175-1656-ND,http://www.digikey.com/product-detail/en/0/1175-1656-ND,http://www.digikey.fr/product-detail/fr/0/1175-1656-ND,,https://octopart.com/3230-40-0103-00-cnc+tech-26714298,http://cnctech.us/pdfs/3230-XX-0103-00.pdf, ,
Nappe Rect,40 pos - 0.64 mm,"30 AWG, gris, 91.44 m",,,,3M,3754/40 300,MB40G-300-ND,http://www.digikey.com/product-detail/en/0/MB40G-300-ND,http://www.digikey.fr/product-detail/fr/0/MB40G-300-ND,,https://octopart.com/3754%2F40+300-3m-19080712,http://multimedia.3m.com/mws/media/22573O/3mtm-round-cond-flat-cable-025in-stranded-3754-series-ts0875.pdf, ,
,,,,,,,,,,,,,, ,
,,,,,,,,,,,,,, ,
,,,,,,,,,,,,,, ,
,,,,,,,,,,,,,, ,
,,,,,,,,,,,,,, ,
,,,,,,,,,,,,,, ,
,,,,,,,,,,,,,, ,
,,,,,,,,,,,,,, ,
,,,,,,,,,,,,,, ,
,,,,,,,,,,,,,, ,
,,,,,,,,,,,,,, ,
,,,,,,,,,,,,,, ,
,,,,,,,,,,,,,, ,
,,,,,,,,,,,,,, ,
,,,,,,,,,,,,,, ,
,,,,,,,,,,,,,, ,
,,,,,,,,,,,,,, ,
,,,,,,,,,,,,,, ,
,,,,,,,,,,,,,, ,
,,,,,,,,,,,,,, ,
,,,,,,,,,,,,,, ,
,,,,,,,,,,,,,, ,
,,,,,,,,,,,,,, ,
,,,,,,,,,,,,,, ,
,,,,,,,,,,,,,, ,
,,,,,,,,,,,,,, ,
,,,,,,,,,,,,,, ,
,,,,,,,,,,,,,, ,
,,,,,,,,,,,,,, ,
,,,,,,,,,,,,,, ,
,,,,,,,,,,,,,, ,
,,,,,,,,,,,,,, ,
,,,,,,,,,,,,,, ,
,,,,,,,,,,,,,, ,
,,,,,,,,,,,,,, ,
,,,,,,,,,,,,,, ,
,,,,,,,,,,,,,, ,
,,,,,,,,,,,,,, ,
,,,,,,,,,,,,,, ,
,,,,,,,,,,,,,, ,
,,,,,,,,,,,,,, ,
,,,,,,,,,,,,,, ,
,,,,,,,,,,,,,, ,
,,,,,,,,,,,,,, ,
,,,,,,,,,,,,,, ,
,,,,,,,,,,,,,, ,
,,,,,,,,,,,,,, ,
,,,,,,,,,,,,,, ,
,,,,,,,,,,,,,, ,
,,,,,,,,,,,,,, ,
,,,,,,,,,,,,,, ,
,,,,,,,,,,,,,, ,
,,,,,,,,,,,,,, ,
,,,,,,,,,,,,,, ,
,,,,,,,,,,,,,, ,
,,,,,,,,,,,,,, ,
,,,,,,,,,,,,,, ,
,,,,,,,,,,,,,, ,
,,,,,,,,,,,,,, ,
,,,,,,,,,,,,,, ,
,,,,,,,,,,,,,, ,
,,,,,,,,,,,,,, ,
,,,,,,,,,,,,,, ,
,,,,,,,,,,,,,, ,
,,,,,,,,,,,,,, ,
,,,,,,,,,,,,,, ,
,,,,,,,,,,,,,, ,
,,,,,,,,,,,,,, ,
,,,,,,,,,,,,,, ,
,,,,,,,,,,,,,, ,
,,,,,,,,,,,,,, ,
,,,,,,,,,,,,,, ,
,,,,,,,,,,,,,, ,
,,,,,,,,,,,,,, ,
,,,,,,,,,,,,,, ,
,,,,,,,,,,,,,, ,
,,,,,,,,,,,,,, ,
,,,,,,,,,,,,,, ,
,,,,,,,,,,,,,, ,
,,,,,,,,,,,,,, ,
,,,,,,,,,,,,,, ,
,,,,,,,,,,,,,, ,
,,,,,,,,,,,,,, ,
,,,,,,,,,,,,,, ,
,,,,,,,,,,,,,, ,
,,,,,,,,,,,,,, ,
,,,,,,,,,,,,,, ,
,,,,,,,,,,,,,, ,
,,,,,,,,,,,,,, ,
,,,,,,,,,,,,,, ,
,,,,,,,,,,,,,, ,
,,,,,,,,,,,,,, ,
,,,,,,,,,,,,,, ,
,,,,,,,,,,,,,, ,
,,,,,,,,,,,,,, ,
,,,,,,,,,,,,,, ,
,,,,,,,,,,,,,, ,
,,,,,,,,,,,,,, ,
,,,,,,,,,,,,,, ,
,,,,,,,,,,,,,, ,
,,,,,,,,,,,,,, ,
,,,,,,,,,,,,,, ,
,,,,,,,,,,,,,, ,
,,,,,,,,,,,,,, ,
,,,,,,,,,,,,,, ,
,,,,,,,,,,,,,, ,
,,,,,,,,,,,,,, ,
,,,,,,,,,,,,,, ,
,,,,,,,,,,,,,, ,
,,,,,,,,,,,,,, ,
,,,,,,,,,,,,,, ,
,,,,,,,,,,,,,, ,
,,,,,,,,,,,,,, ,
,,,,,,,,,,,,,, ,
,,,,,,,,,,,,,, ,
,,,,,,,,,,,,,, ,
,,,,,,,,,,,,,, ,
,,,,,,,,,,,,,, ,
,,,,,,,,,,,,,, ,
,,,,,,,,,,,,,, ,
,,,,,,,,,,,,,, ,
,,,,,,,,,,,,,, ,
,,,,,,,,,,,,,, ,
,,,,,,,,,,,,,, ,
,,,,,,,,,,,,,, ,
,,,,,,,,,,,,,, ,
,,,,,,,,,,,,,, ,
,,,,,,,,,,,,,, ,
,,,,,,,,,,,,,, ,
,,,,,,,,,,,,,, ,
,,,,,,,,,,,,,, ,
,,,,,,,,,,,,,, ,
,,,,,,,,,,,,,, ,
,,,,,,,,,,,,,, ,
,,,,,,,,,,,,,, ,
,,,,,,,,,,,,,, ,
,,,,,,,,,,,,,, ,
,,,,,,,,,,,,,, ,
,,,,,,,,,,,,,, ,
,,,,,,,,,,,,,, ,
,,,,,,,,,,,,,, ,
,,,,,,,,,,,,,, ,
,,,,,,,,,,,,,, ,
,,,,,,,,,,,,,, ,
,,,,,,,,,,,,,, ,
,,,,,,,,,,,,,, ,
,,,,,,,,,,,,,, ,
,,,,,,,,,,,,,, ,
,,,,,,,,,,,,,, ,
,,,,,,,,,,,,,, ,
,,,,,,,,,,,,,, ,
,,,,,,,,,,,,,, ,
,,,,,,,,,,,,,, ,
,,,,,,,,,,,,,, ,
,,,,,,,,,,,,,, ,
,,,,,,,,,,,,,, ,
,,,,,,,,,,,,,, ,
,,,,,,,,,,,,,, ,
,,,,,,,,,,,,,, ,
,,,,,,,,,,,,,, ,
,,,,,,,,,,,,,, ,
,,,,,,,,,,,,,, ,
,,,,,,,,,,,,,, ,
,,,,,,,,,,,,,, ,
,,,,,,,,,,,,,, ,
,,,,,,,,,,,,,, ,
,,,,,,,,,,,,,, ,
,,,,,,,,,,,,,, ,
,,,,,,,,,,,,,, ,
,,,,,,,,,,,,,, ,
,,,,,,,,,,,,,, ,
,,,,,,,,,,,,,, ,
,,,,,,,,,,,,,, ,
,,,,,,,,,,,,,, ,
,,,,,,,,,,,,,, ,
,,,,,,,,,,,,,, ,
,,,,,,,,,,,,,, ,
,,,,,,,,,,,,,, ,
,,,,,,,,,,,,,, ,
,,,,,,,,,,,,,, ,
,,,,,,,,,,,,,, ,
,,,,,,,,,,,,,, ,
,,,,,,,,,,,,,, ,
,,,,,,,,,,,,,, ,
,,,,,,,,,,,,,, ,
,,,,,,,,,,,,,, ,
,,,,,,,,,,,,,, ,
,,,,,,,,,,,,,, ,
,,,,,,,,,,,,,, ,
,,,,,,,,,,,,,, ,
,,,,,,,,,,,,,, ,
,,,,,,,,,,,,,, ,
,,,,,,,,,,,,,, ,
,,,,,,,,,,,,,, ,
,,,,,,,,,,,,,, ,
,,,,,,,,,,,,,, ,
,,,,,,,,,,,,,, ,
,,,,,,,,,,,,,, ,
,,,,,,,,,,,,,, ,
,,,,,,,,,,,,,, ,
,,,,,,,,,,,,,, ,
,,,,,,,,,,,,,,,
,,,,,,,,,,,,,,,
,,,,,,,,,,,,,,,
,,,,,,,,,,,,,,,
,,,,,,,,,,,,,,,
,,,,,,,,,,,,,,,
,,,,,,,,,,,,,,,
,,,,,,,,,,,,,,,
,,,,,,,,,,,,,,,
,,,,,,,,,,,,,,,
,,,,,,,,,,,,,,,
,,,,,,,,,,,,,,,
,,,,,,,,,,,,,,,
,,,,,,,,,,,,,,,
,,,,,,,,,,,,,,,
,,,,,,,,,,,,,,,
,,,,,,,,,,,,,,,
,,,,,,,,,,,,,,,
,,,,,,,,,,,,,,,
,,,,,,,,,,,,,,,
,,,,,,,,,,,,,,,
,,,,,,,,,,,,,,,
,,,,,,,,,,,,,,,
,,,,,,,,,,,,,,,
,,,,,,,,,,,,,,,
,,,,,,,,,,,,,,,
,,,,,,,,,,,,,,,
,,,,,,,,,,,,,,,
,,,,,,,,,,,,,,,
,,,,,,,,,,,,,,,
,,,,,,,,,,,,,,,
,,,,,,,,,,,,,,,
,,,,,,,,,,,,,,,
,,,,,,,,,,,,,,,
,,,,,,,,,,,,,,,
,,,,,,,,,,,,,,,
,,,,,,,,,,,,,,,
,,,,,,,,,,,,,,,
,,,,,,,,,,,,,,,
,,,,,,,,,,,,,,,
,,,,,,,,,,,,,,,
,,,,,,,,,,,,,,,
